{
  "version": 1,
  "author": "Mateus da Costa Leme",
  "editor": "wokwi",
  "parts": [
    { "type": "wokwi-breadboard", "id": "bb1", "top": -156.6, "left": 626.8, "attrs": {} },
    { "type": "wokwi-arduino-uno", "id": "uno", "top": 96.6, "left": 729, "attrs": {} },
    {
      "type": "wokwi-dht22",
      "id": "dht1",
      "top": -153.3,
      "left": 666.6,
      "attrs": { "humidity": "72.5", "temperature": "47.9" }
    },
    {
      "type": "wokwi-led",
      "id": "led1",
      "top": -70.8,
      "left": 887,
      "attrs": { "color": "green" }
    },
    {
      "type": "wokwi-led",
      "id": "led2",
      "top": -70.8,
      "left": 829.4,
      "attrs": { "color": "red" }
    },
    {
      "type": "wokwi-led",
      "id": "led3",
      "top": -70.8,
      "left": 858.2,
      "attrs": { "color": "yellow" }
    },
    {
      "type": "wokwi-resistor",
      "id": "r1",
      "top": 4.8,
      "left": 873.05,
      "rotate": 90,
      "attrs": { "value": "1000" }
    },
    {
      "type": "wokwi-resistor",
      "id": "r2",
      "top": 4.8,
      "left": 815.45,
      "rotate": 90,
      "attrs": { "value": "1000" }
    },
    {
      "type": "wokwi-resistor",
      "id": "r3",
      "top": 4.8,
      "left": 844.25,
      "rotate": 90,
      "attrs": { "value": "1000" }
    },
    {
      "type": "wokwi-buzzer",
      "id": "bz1",
      "top": -122.4,
      "left": 760.2,
      "attrs": { "volume": "0.1" }
    },
    {
      "type": "wokwi-photoresistor-sensor",
      "id": "ldr1",
      "top": -265.6,
      "left": 778.4,
      "attrs": {}
    },
    {
      "type": "wokwi-lcd1602",
      "id": "lcd1",
      "top": -185.6,
      "left": 1071.2,
      "attrs": { "pins": "i2c" }
    },
    {
      "type": "wokwi-pushbutton-6mm",
      "id": "btn1",
      "top": -66.2,
      "left": 954.4,
      "rotate": 90,
      "attrs": { "color": "green", "xray": "1" }
    },
    { "type": "wokwi-ds1307", "id": "rtc1", "top": 196.2, "left": 1238.5, "attrs": {} }
  ],
  "connections": [
    [ "bb1:bp.25", "bb1:bp.26", "red", [ "v-0.9", "h28" ] ],
    [ "bb1:bn.26", "bb1:bn.25", "black", [ "v0" ] ],
    [ "bb1:4b.g", "bb1:bp.2", "red", [ "v0" ] ],
    [ "bb1:7b.g", "bb1:bn.5", "black", [ "v0" ] ],
    [ "bb1:bp.1", "uno:5V", "red", [ "v-0.9", "h-0.8", "v268.8", "h217" ] ],
    [ "uno:GND.2", "bb1:bn.1", "black", [ "v9.5", "h-226.5", "v-257.9" ] ],
    [ "bb1:5b.g", "uno:9", "#8f4814", [ "v115.2", "h200.8" ] ],
    [ "bb1:15b.g", "bb1:bn.11", "black", [ "v0" ] ],
    [ "bb1:16b.g", "uno:13", "violet", [ "v115.2", "h57.6" ] ],
    [ "bb1:22b.h", "uno:8", "green", [ "v96", "h48" ] ],
    [ "bb1:25b.h", "uno:7", "green", [ "v96", "h34.8" ] ],
    [ "bb1:28b.h", "uno:6", "green", [ "v96", "h15.5" ] ],
    [ "ldr1:VCC", "bb1:bp.30", "red", [ "h0" ] ],
    [ "ldr1:GND", "bb1:bn.29", "black", [ "h0" ] ],
    [ "ldr1:AO", "uno:A0", "green", [ "h67.2", "v527.3", "h-86.4" ] ],
    [ "lcd1:GND", "bb1:bn.33", "black", [ "h0" ] ],
    [ "lcd1:VCC", "bb1:bp.34", "red", [ "h0" ] ],
    [ "lcd1:SDA", "uno:A4", "green", [ "h-28.8", "v451.4", "h-67.2" ] ],
    [ "lcd1:SCL", "uno:A5", "green", [ "h-19.2", "v451.5", "h-67.2" ] ],
    [ "bb1:35b.g", "bb1:bp.28", "red", [ "v0" ] ],
    [ "bb1:33t.d", "uno:12", "gold", [ "v144", "h-96" ] ],
    [ "rtc1:GND", "bb1:bn.37", "black", [ "h-163.2", "v-9.6" ] ],
    [ "rtc1:5V", "bb1:bp.38", "red", [ "h-153.6", "v-0.4" ] ],
    [ "dht1:VCC", "bb1:4b.f", "", [ "$bb" ] ],
    [ "dht1:SDA", "bb1:5b.f", "", [ "$bb" ] ],
    [ "dht1:NC", "bb1:6b.f", "", [ "$bb" ] ],
    [ "dht1:GND", "bb1:7b.f", "", [ "$bb" ] ],
    [ "led1:A", "bb1:28b.g", "", [ "$bb" ] ],
    [ "led1:C", "bb1:27b.g", "", [ "$bb" ] ],
    [ "led2:A", "bb1:22b.g", "", [ "$bb" ] ],
    [ "led2:C", "bb1:21b.g", "", [ "$bb" ] ],
    [ "led3:A", "bb1:25b.g", "", [ "$bb" ] ],
    [ "led3:C", "bb1:24b.g", "", [ "$bb" ] ],
    [ "r1:1", "bb1:27b.h", "", [ "$bb" ] ],
    [ "r1:2", "bb1:bn.21", "", [ "$bb" ] ],
    [ "r2:1", "bb1:21b.h", "", [ "$bb" ] ],
    [ "r2:2", "bb1:bn.16", "", [ "$bb" ] ],
    [ "r3:1", "bb1:24b.h", "", [ "$bb" ] ],
    [ "r3:2", "bb1:bn.19", "", [ "$bb" ] ],
    [ "bz1:1", "bb1:15b.f", "", [ "$bb" ] ],
    [ "bz1:2", "bb1:16b.f", "", [ "$bb" ] ],
    [ "lcd1:VCC", "bb1:tp.36", "", [ "$bb" ] ],
    [ "lcd1:SDA", "bb1:tn.36", "", [ "$bb" ] ],
    [ "btn1:1.l", "bb1:35t.e", "", [ "$bb" ] ],
    [ "btn1:2.l", "bb1:33t.e", "", [ "$bb" ] ],
    [ "btn1:1.r", "bb1:35b.f", "", [ "$bb" ] ],
    [ "btn1:2.r", "bb1:33b.f", "", [ "$bb" ] ],
    [ "rtc1:SDA", "uno:A4.2", "green", [ "h-172.8", "v114.9", "h-364.8", "v-288", "h115.2" ] ],
    [
      "rtc1:SCL",
      "uno:A5.2",
      "green",
      [ "h-153.6", "v134.2", "h-364.8", "v-307.2", "h86.4", "v9.6" ]
    ]
  ],
  "dependencies": {}
}